Name,Address,Phone,Email,Website,Category,Sub_Category,City,Rating,Description,Services,Price_Range,Opening_Hours,GPS_Coordinates,Image_URL,Social_Media,Languages,Payment_Methods,Established_Year,Special_Features
"Bijouterie Royale Cotonou","Avenue Jean-Paul II, Cotonou","+229 21 31 45 67","contact@bijouterieroyale.bj","www.bijouterieroyale.bj","Jewelry","High-End Jewelry","cotonou",4.8,"Premier jewelry store offering luxury watches, diamonds, and custom pieces","Custom jewelry design, watch repair, diamond certification, gold trading","Premium","Mon-Sat: 9:00-19:00, Sun: 10:00-15:00","6.3703,2.3912","https://images.unsplash.com/photo-1515562141207-7a88fb7ce338","Facebook: @bijouterieroyalecotonou","French, English, Fon","Cash, Credit Cards, Mobile Money",2008,"Certified diamonds, Swiss watches, Custom design studio"
"Goldsmith Heritage Benin","Rue des Ambassades, Cotonou","+229 21 30 78 90","info@goldsmithheritage.bj","www.goldsmithheritage.bj","Jewelry","Traditional Goldsmith","cotonou",4.7,"Traditional goldsmith specializing in African-inspired luxury jewelry","Custom gold jewelry, traditional designs, precious stones setting","High-End","Mon-Fri: 8:30-18:30, Sat: 9:00-17:00","6.3662,2.4183","https://images.unsplash.com/photo-1506630448388-4e683c67ddb0","Instagram: @goldsmithheritage","French, English, Yoruba","Cash, Bank Transfer, Credit Cards",1995,"Heritage designs, Master craftsman, Export services"
"Diamant Prestige","Ganhi, Cotonou","+229 21 32 56 78","sales@diamantprestige.bj","www.diamantprestige.bj","Jewelry","Diamond Specialist","cotonou",4.9,"Exclusive diamond jewelry boutique with international certifications","Diamond jewelry, engagement rings, luxury watches, jewelry insurance","Ultra-Premium","Tue-Sat: 10:00-18:00","6.3591,2.4308","https://images.unsplash.com/photo-1605100804763-247f67b3557e","LinkedIn: diamant-prestige-benin","French, English","Credit Cards, Bank Transfer, Cryptocurrency",2015,"GIA certified diamonds, Rolex authorized dealer, Private showroom"
"Elegance Africaine Jewels","Fidjrossè, Cotonou","+229 21 33 89 12","contact@eleganceafricaine.bj","www.eleganceafricaine.bj","Jewelry","African Luxury","cotonou",4.6,"Contemporary African luxury jewelry combining tradition and modernity","Contemporary designs, cultural jewelry, corporate gifts, exhibitions","Premium","Mon-Sat: 9:30-18:30","6.3445,2.3876","https://images.unsplash.com/photo-1611591437281-460bfbe1220a","Facebook: @eleganceafricainejewels","French, English, Fon, Yoruba","Cash, Mobile Money, Credit Cards",2012,"African heritage designs, International exhibitions, Celebrity clientele"
"Luxor Jewelry Palace","Marina, Cotonou","+229 21 31 67 45","info@luxorpalace.bj","www.luxorpalace.bj","Jewelry","Luxury Retail","cotonou",4.8,"Multi-brand luxury jewelry palace with international collections","Multi-brand retail, jewelry authentication, investment consulting","Ultra-Premium","Mon-Sat: 9:00-19:30, Sun: 11:00-16:00","6.3528,2.4267","https://images.unsplash.com/photo-1573408301185-9146fe634ad0","Instagram: @luxorjewelrypalace","French, English, Arabic","Credit Cards, Bank Transfer, Mobile Money",2018,"International brands, Investment pieces, VIP services"
"Atelier des Pierres Précieuses","Akpakpa, Cotonou","+229 21 34 78 23","atelier@pierresprecieuses.bj","www.pierresprecieuses.bj","Jewelry","Artisan Workshop","cotonou",4.7,"Artisan workshop specializing in precious stones and custom creations","Custom jewelry creation, stone cutting, jewelry repair, appraisals","High-End","Mon-Fri: 8:00-17:30, Sat: 9:00-15:00","6.3289,2.4456","https://images.unsplash.com/photo-1617038220319-276d3cfab638","Website portfolio, Facebook: @atelierpierres","French, English","Cash, Bank Transfer",2003,"Master stone cutter, Custom creations, Rare stones"
"Prestige Gold Center","Cadjehoun, Cotonou","+229 21 30 91 34","center@prestigegold.bj","www.prestigegold.bj","Jewelry","Gold Trading","cotonou",4.5,"Professional gold trading center with jewelry retail services","Gold trading, jewelry retail, precious metals investment","Premium","Mon-Sat: 8:30-18:00","6.3712,2.3654","https://images.unsplash.com/photo-1551698618-1dfe5d97d256","LinkedIn: prestige-gold-center","French, English","Cash, Bank Transfer, Credit Cards",2010,"Gold trading expertise, Investment advisory, Certified scales"
"Royal Gems Boutique","Plateau, Cotonou","+229 21 32 45 89","boutique@royalgems.bj","www.royalgems.bj","Jewelry","Gemstone Specialist","cotonou",4.8,"Exclusive gemstone boutique with rare and precious stones","Rare gemstones, custom settings, gemological consultation","Ultra-Premium","Tue-Sat: 10:30-18:30","6.3667,2.4289","https://images.unsplash.com/photo-1506755855567-92ff770e8d00","Instagram: @royalgemsboutique","French, English","Credit Cards, Bank Transfer",2017,"Rare gemstones, Gemological expertise, Certificate of authenticity"
"Spa Royale Wellness","Boulevard de la Marina, Cotonou","+229 21 31 78 90","booking@sparoyale.bj","www.sparoyale.bj","Spa & Wellness","Luxury Spa","cotonou",4.9,"Premier luxury spa offering world-class wellness treatments","Full-service spa, massage therapy, facial treatments, wellness packages","Premium","Daily: 9:00-21:00","6.3556,2.4278","https://images.unsplash.com/photo-1540555700478-4be289fbecef","Instagram: @sparoyalewellness","French, English","Credit Cards, Mobile Money, Cash",2016,"5-star luxury, International therapists, Organic products"
"Zenith Wellness Center","Ganhi, Cotonou","+229 21 33 67 45","info@zenithwellness.bj","www.zenithwellness.bj","Spa & Wellness","Wellness Center","cotonou",4.7,"Comprehensive wellness center with spa and fitness facilities","Spa treatments, fitness center, yoga classes, nutrition counseling","High-End","Mon-Sun: 6:00-22:00","6.3634,2.4198","https://images.unsplash.com/photo-1571019613454-1cb2f99b2d8b","Facebook: @zenithwellnesscenter","French, English, Portuguese","Credit Cards, Mobile Money",2019,"24/7 fitness, Medical spa, Nutrition experts"
"Serenity Spa Resort","Fidjrossè, Cotonou","+229 21 30 89 23","resort@serenityspa.bj","www.serenityspa.bj","Spa & Wellness","Day Spa","cotonou",4.8,"Tranquil day spa resort with premium relaxation services","Day spa packages, couples treatments, meditation sessions","Premium","Daily: 8:00-20:00","6.3467,2.3923","https://images.unsplash.com/photo-1544161515-4ab6ce6db874","Instagram: @serenitysparesort","French, English","Credit Cards, Cash, Mobile Money",2014,"Day spa packages, Couples suites, Natural treatments"
"Elements Spa & Beauty","Akpakpa, Cotonou","+229 21 34 56 78","contact@elementsspa.bj","www.elementsspa.bj","Spa & Wellness","Medical Spa","cotonou",4.6,"Medical spa combining beauty treatments with wellness therapies","Medical spa, anti-aging treatments, dermatology services","High-End","Mon-Sat: 9:00-19:00","6.3312,2.4387","https://images.unsplash.com/photo-1570172619644-dfd03ed5d881","Facebook: @elementsspabeauty","French, English","Credit Cards, Bank Transfer",2018,"Medical spa services, Anti-aging specialist, Dermatologist on-site"
"Salon Elegance Supreme","Avenue Steinmetz, Cotonou","+229 21 31 23 45","supreme@elegancesalon.bj","www.elegancesalon.bj","Beauty Salon","High-End Salon","cotonou",4.8,"Premier beauty salon with international styling expertise","Hair styling, color treatments, bridal packages, nail art","Premium","Tue-Sun: 8:30-19:30","6.3701,2.4156","https://images.unsplash.com/photo-1560066984-138dadb4c035","Instagram: @elegancesupreme","French, English","Credit Cards, Mobile Money, Cash",2011,"International stylists, Bridal specialist, European products"
"Beauté Royale Studio","Ganhi, Cotonou","+229 21 32 78 90","studio@beauteroyale.bj","www.beauteroyale.bj","Beauty Salon","Luxury Studio","cotonou",4.7,"Exclusive beauty studio offering premium hair and beauty services","Premium hair care, makeup artistry, beauty consultations","High-End","Mon-Sat: 9:00-18:30","6.3621,2.4223","https://images.unsplash.com/photo-1522337360788-8b13dee7a37e","Facebook: @beauteroyalestudio","French, English, Portuguese","Credit Cards, Mobile Money",2015,"Celebrity makeup artist, Luxury hair treatments, Personal beauty consultant"
"Glamour Elite Salon","Marina, Cotonou","+229 21 30 67 89","elite@glamoursalon.bj","www.glamoursalon.bj","Beauty Salon","Elite Salon","cotonou",4.9,"Elite beauty salon with VIP services and luxury treatments","VIP beauty services, advanced hair treatments, luxury manicures","Ultra-Premium","Mon-Sat: 8:00-20:00","6.3545,2.4289","https://images.unsplash.com/photo-1633681926022-84c23e8cb2d6","Instagram: @glamourelitesalon","French, English","Credit Cards, Bank Transfer",2017,"VIP private suites, Swiss hair products, Celebrity clientele"
"Prestige Beauty Lounge","Plateau, Cotonou","+229 21 33 45 67","lounge@prestigebeauty.bj","www.prestigebeauty.bj","Beauty Salon","Beauty Lounge","cotonou",4.6,"Sophisticated beauty lounge with comprehensive beauty services","Hair styling, facial treatments, nail salon, beauty therapy","Premium","Tue-Sun: 9:00-19:00","6.3678,2.4234","https://images.unsplash.com/photo-1562322140-8baeececf3df","Facebook: @prestigebeautylounge","French, English, Fon","Credit Cards, Mobile Money",2013,"Beauty therapy, Facial specialist, Luxury nail salon"
"Studio Belle Afrique","Cadjehoun, Cotonou","+229 21 31 89 34","belle@studioafrique.bj","www.studioafrique.bj","Beauty Salon","African Beauty","cotonou",4.7,"Specialized African beauty studio celebrating natural beauty","Natural hair care, African beauty treatments, cultural styling","High-End","Mon-Sat: 8:30-18:30","6.3689,2.3678","https://images.unsplash.com/photo-1559599101-f09722fb4948","Instagram: @studiobelleafrique","French, English, Yoruba, Fon","Cash, Mobile Money, Credit Cards",2016,"Natural hair specialist, African beauty expert, Cultural celebrations"
"Magnificence Beauty Center","Akpakpa, Cotonou","+229 21 34 12 56","center@magnificence.bj","www.magnificence.bj","Beauty Salon","Beauty Center","cotonou",4.5,"Comprehensive beauty center with full-service spa amenities","Full beauty services, spa treatments, wellness packages","Premium","Daily: 8:00-20:00","6.3334,2.4412","https://images.unsplash.com/photo-1616394584738-fc6e612e71b9","Facebook: @magnificencebeauty","French, English","Credit Cards, Mobile Money, Cash",2014,"Full-service spa, Wellness packages, Professional makeup"
"Hotel Golden Tulip Le Diplomate","Boulevard de la Marina, Cotonou","+229 21 30 09 00","diplomate@goldentulip.com","www.goldentulipdiplomate.com","Hotels","5-Star Luxury","cotonou",4.8,"International 5-star luxury hotel with premium amenities","Luxury accommodations, fine dining, conference facilities, spa services","Ultra-Premium","24/7","6.3567,2.4289","https://images.unsplash.com/photo-1564501049412-61c2a3083791","Website: goldentulipdiplomate.com","French, English, Portuguese","Credit Cards, Bank Transfer",2003,"5-star luxury, Marina views, International standards"
"Novotel Cotonou Orisha","Boulevard de la Marina, Cotonou","+229 21 21 26 26","orisha@accor.com","www.novotel-cotonou.com","Hotels","4-Star Premium","cotonou",4.7,"Premium business hotel with modern amenities and services","Business center, restaurant, pool, fitness center","Premium","24/7","6.3578,2.4234","https://images.unsplash.com/photo-1551882547-ff40c63fe5fa","Website: novotel-cotonou.com","French, English","Credit Cards, Bank Transfer",2008,"Business class, Modern amenities, International chain"
"Azalai Hotel Cotonou","Rue du Commerce, Cotonou","+229 21 31 30 00","cotonou@azalaihotels.com","www.azalaihotels.com","Hotels","4-Star Business","cotonou",4.6,"Quality business hotel with comfortable accommodations","Business facilities, restaurant, meeting rooms","High-End","24/7","6.3623,2.4198","https://images.unsplash.com/photo-1611892440504-42a792e24d32","Website: azalaihotels.com","French, English","Credit Cards, Mobile Money",2010,"Business hotel, Meeting facilities, Quality service"
"Restaurant Le Jardin","Ganhi, Cotonou","+229 21 32 45 78","jardin@finedining.bj","www.restaurantlejardin.bj","Restaurants","Fine Dining","cotonou",4.9,"Exquisite fine dining restaurant with French-African fusion cuisine","Fine dining, wine cellar, private dining rooms, catering","Ultra-Premium","Tue-Sun: 18:00-23:00","6.3612,2.4176","https://images.unsplash.com/photo-1414235077428-338989a2e8c0","Instagram: @restaurantlejardin","French, English","Credit Cards, Bank Transfer",2016,"Michelin-trained chef, Wine sommelier, Private dining"
"Villa Karo Restaurant","Marina, Cotonou","+229 21 31 67 89","villa@karorestaurant.bj","www.villakaro.bj","Restaurants","Upscale Dining","cotonou",4.8,"Upscale dining with panoramic marina views and gourmet cuisine","Gourmet cuisine, panoramic views, wine selection, event hosting","Premium","Daily: 11:30-23:30","6.3534,2.4267","https://images.unsplash.com/photo-1517248135467-4c7edcad34c4","Facebook: @villakarorestaurant","French, English, Italian","Credit Cards, Mobile Money",2014,"Marina views, Gourmet cuisine, Event venue"
"Brasserie du Marina","Boulevard de la Marina, Cotonou","+229 21 30 78 45","marina@brasserie.bj","www.brasseriedumarina.bj","Restaurants","Premium Brasserie","cotonou",4.7,"Premium brasserie offering international cuisine with local influences","International cuisine, craft cocktails, business dining","Premium","Daily: 7:00-24:00","6.3556,2.4278","https://images.unsplash.com/photo-1551218808-94e220e084d2","Instagram: @brasseriedumarina","French, English","Credit Cards, Cash","2012","Business dining, Craft cocktails, International cuisine"
"Le Livingstone","Fidjrossè, Cotonou","+229 21 33 89 67","contact@livingstone.bj","www.lelivingstone.bj","Restaurants","Luxury Restaurant","cotonou",4.8,"Luxury restaurant with sophisticated ambiance and international menu","Fine dining, wine pairing, private events, chef's table","Ultra-Premium","Wed-Mon: 19:00-24:00","6.3445,2.3898","https://images.unsplash.com/photo-1565299624946-b28f40a0ca4b","Facebook: @lelivingstonecotonou","French, English","Credit Cards, Bank Transfer",2018,"Chef's table, Wine pairing, Luxury ambiance"